{
  "train_accuracy": 1.0,
  "test_accuracy": 0.8325123152709359,
  "feature_importance": {
    "recency": 0.07106009140518048,
    "frequency": 0.05520480195327696,
    "mean_inter_arrival": 0.5548226751616956,
    "var_inter_arrival": 0.0893595723868427,
    "size": 0.03786655675187339,
    "recency_norm": 0.05872215099112465,
    "freq_rank": 0.04496473397983332,
    "time_since_first": 0.08799941737017292
  }
}